<?xml version="1.0" encoding="UTF-8"?>
<configuration scan="true">
    <include resource="org/springframework/boot/logging/logback/defaults.xml"/>

    <!--Spring default values -->
    <appender name="CONSOLE" class="ch.qos.logback.core.ConsoleAppender">
        <encoder>
            <pattern>${CONSOLE_LOG_PATTERN}</pattern>
            <charset>utf8</charset>
        </encoder>
    </appender>

    <!-- Local log file -->
    <appender name="FILE"
              class="ch.qos.logback.core.rolling.RollingFileAppender">
        <file>slf4jlogback.log</file>
        <rollingPolicy
                class="ch.qos.logback.core.rolling.TimeBasedRollingPolicy">
            <fileNamePattern>slf4jlogback.%d{yyyy-MM-dd}.log
            </fileNamePattern>
            <maxHistory>10</maxHistory>
            <totalSizeCap>1GB</totalSizeCap>
        </rollingPolicy>
        <layout class="ch.qos.logback.classic.PatternLayout">
            <Pattern>%d{yyyy-MM-dd HH:mm:ss} -%msg%n</Pattern>
        </layout>
        <encoder>
            <pattern>%d{dd.MM.yyyy HH:mm:ss.SSS} [%thread] %-5level %logger{20} - %msg%n
            </pattern>
        </encoder>
    </appender>

    <!-- Logstash log -->
    <root level="INFO">
        <appender-ref ref="CONSOLE"/>
        <appender-ref ref="FILE"/>
    </root>
</configuration>